{
    "lumi":35917.213466,
    "qcd_lumi":5466.09,
    "XSECS":{
        "ttbar":831.76,
        "QCDHT700":6802,
        "QCDHT1000":1206,
        "QCDHT1500":120.4,
        "QCDHT2000":25.25,
        "QCDHT700ext":6802,
        "QCDHT1000ext":1206,
        "QCDHT1500ext":120.4,
        "QCDHT2000ext":25.25,
        "singletop_s":10.32,
        "singletop_t":136.02,
        "singletop_tW":35.85,
        "singletop_tB":80.95,
        "singletop_tWB":35.85,
        "WjetsHT600":68.57,
        "signalLH1200":1.944,
        "signalLH1400":0.7848,
        "signalLH1600":0.3431,
        "signalLH1800":0.1588,
        "signalLH2000":0.07711,
        "signalLH2200":0.03881,
        "signalLH2400":0.02015,
        "signalLH2600":0.01073,
        "signalLH2800":0.005829,
        "signalLH3000":0.003234,
        "signalRH1200":1.936,
        "signalRH1400":0.7816,
        "signalRH1600":0.3416,
        "signalRH1800":0.1583,
        "signalRH2000":0.07675,
        "signalRH2200":0.03864,
        "signalRH2400":0.02008,
        "signalRH2600":0.01068,
        "signalRH2800":0.005814,
        "signalRH3000":0.003224
    }
}
